date,location,state,lat,lon,rainfall_6h,rainfall_24h,soil_moisture,slope,elevation,cn,antecedent_rain_3d,flood_occurred,severity,casualties,damage_estimate_inr
2024-11-21,Kargil,Ladakh,34.5473,76.1245,9.4,11.8,17.5,28.2,3141.4,84.8,5.7,0,LOW,0,0
2023-10-22,Gangtok,Sikkim,27.3268,88.6038,70.5,98.1,68.9,32.3,2206.5,78.9,36.8,0,MODERATE,0,0
2013-06-19,Mandi,Himachal Pradesh,31.705,76.9282,9.0,21.5,63.8,35.5,807.1,70.2,1.4,0,LOW,0,0
2025-12-03,Srinagar,Jammu And Kashmir,34.0965,74.8091,3.2,14.8,30.8,24.1,1686.3,73.0,14.5,0,LOW,0,0
2014-08-03,Uttarkashi,Uttarakhand,30.7488,78.4282,212.8,354.0,92.0,36.5,2791.0,73.5,236.5,1,SEVERE,16,40213925
2019-07-17,Kalimpong,West Bengal,27.0848,88.4596,226.1,288.4,89.7,37.4,1713.1,76.2,167.1,1,SEVERE,8,34439587
2012-02-14,Srinagar,Jammu And Kashmir,34.073,74.7803,6.0,17.3,34.2,20.9,1875.5,74.7,19.8,0,LOW,0,0
2022-10-02,Kinnaur,Himachal Pradesh,31.5691,78.3855,38.3,60.4,53.5,42.4,3001.4,76.7,38.9,0,MODERATE,0,0
2020-09-11,Tawang,Arunachal Pradesh,27.604,91.8767,53.3,75.3,66.2,34.1,3522.0,80.0,57.4,0,MODERATE,0,0
2022-05-18,Kargil,Ladakh,34.5564,76.1126,16.5,20.0,28.0,31.3,3033.8,87.4,13.8,0,LOW,0,0
2019-05-22,Bageshwar,Uttarakhand,29.8282,79.7623,30.1,68.1,62.3,24.2,2101.8,75.6,29.6,0,MODERATE,0,0
2017-11-11,Leh,Ladakh,34.1386,77.5598,8.4,16.8,19.9,35.6,4228.8,89.9,13.6,0,LOW,0,0
2024-11-12,Darjeeling,West Bengal,27.0355,88.2843,12.2,26.5,59.0,37.6,1820.9,70.8,12.2,0,LOW,0,0
2023-07-01,Kangra,Himachal Pradesh,32.0816,76.2809,74.9,124.8,59.7,29.4,1996.1,74.4,19.9,0,MODERATE,0,0
2015-07-06,Darjeeling,West Bengal,27.0331,88.2746,51.8,100.8,87.5,27.7,1860.3,72.3,41.2,0,MODERATE,0,0
2023-07-09,Kullu,Himachal Pradesh,31.9578,77.1095,245.0,330.0,94.0,34.0,2100.0,80.0,190.0,1,SEVERE,42,128456905
2017-08-18,Cherrapunji,Meghalaya,25.3012,91.697,62.0,100.0,75.4,26.5,1273.0,81.3,29.7,0,MODERATE,0,0
2021-02-07,Chamoli,Uttarakhand,30.3926,79.3985,185.0,260.0,91.0,42.0,3200.0,86.0,140.0,1,SEVERE,204,522471301
2015-08-11,Anantnag,Jammu And Kashmir,33.7246,75.1623,55.4,76.5,59.8,24.3,1660.3,71.8,21.8,0,MODERATE,0,0
2019-06-20,Leh,Ladakh,34.154,77.5934,39.9,77.3,15.5,31.6,3846.9,81.7,31.8,0,MODERATE,0,0
2015-08-20,Bageshwar,Uttarakhand,29.8303,79.7816,15.0,26.5,61.5,27.9,1598.5,75.4,3.3,0,LOW,0,0
2012-12-07,Kargil,Ladakh,34.557,76.1131,7.5,15.9,21.2,26.2,2634.8,82.0,13.5,0,LOW,0,0
2021-05-23,Rudraprayag,Uttarakhand,30.3016,78.9812,13.2,20.7,51.6,30.2,1528.8,76.5,11.2,0,LOW,0,0
2013-06-13,Anantnag,Jammu And Kashmir,33.734,75.1501,43.5,101.9,60.9,21.4,2799.2,76.5,37.8,0,MODERATE,0,0
2017-03-18,Chamba,Himachal Pradesh,32.5386,76.1444,17.2,27.5,47.7,23.5,1806.9,75.4,1.8,0,LOW,0,0
2020-11-06,Kangra,Himachal Pradesh,32.1035,76.2723,15.2,19.0,58.3,20.3,1084.5,75.3,11.0,0,LOW,0,0
2022-06-26,Gangtok,Sikkim,27.3247,88.588,9.0,12.6,82.9,24.5,2330.8,80.4,7.5,0,LOW,0,0
2018-06-21,Chamoli,Uttarakhand,30.3837,79.4169,10.9,21.1,71.3,43.3,2692.2,79.3,7.4,0,LOW,0,0
2023-05-11,Baramulla,Jammu And Kashmir,34.2032,74.3309,11.0,20.7,32.7,29.1,1794.2,67.8,18.6,0,LOW,0,0
2012-08-04,Uttarkashi,Uttarakhand,30.7268,78.4354,195.0,270.0,89.0,36.0,1850.0,81.0,160.0,1,HIGH,28,84364231
2013-08-12,Kalimpong,West Bengal,27.0589,88.4645,37.9,78.6,72.2,37.9,1405.1,78.1,28.9,0,MODERATE,0,0
2024-10-05,Uttarkashi,Uttarakhand,30.7307,78.4216,5.3,17.1,51.2,37.3,2363.7,76.6,10.8,0,LOW,0,0
2025-03-22,Cherrapunji,Meghalaya,25.3081,91.7179,12.6,18.5,80.5,25.0,1313.0,82.7,18.8,0,LOW,0,0
2024-08-08,Kullu,Himachal Pradesh,31.9656,77.1177,15.7,20.6,68.5,40.7,3124.2,69.2,0.3,0,LOW,0,0
2017-09-12,Srinagar,Jammu And Kashmir,34.0939,74.7853,5.0,19.9,50.4,24.6,1806.0,72.9,2.4,0,LOW,0,0
2021-08-15,Baramulla,Jammu And Kashmir,34.2063,74.3285,193.5,266.8,91.0,22.4,1842.9,80.9,214.1,1,SEVERE,35,55648352
2025-09-21,Mangan,Sikkim,27.5111,88.5393,14.8,15.9,86.3,36.1,3036.3,78.8,12.8,0,LOW,0,0
2019-02-15,Uttarkashi,Uttarakhand,30.7357,78.4335,2.1,16.2,39.5,32.2,1596.5,74.8,6.2,0,LOW,0,0
2013-06-16,Rudraprayag,Uttarakhand,30.2849,78.9816,320.0,410.0,96.0,38.0,3583.0,84.0,310.0,1,SEVERE,5700,14297911206
2019-06-15,Kinnaur,Himachal Pradesh,31.5845,78.3669,72.0,112.4,50.5,32.0,3373.9,86.0,29.1,0,MODERATE,0,0
2016-09-01,Kargil,Ladakh,34.5796,76.154,221.3,288.2,73.7,36.7,3448.6,83.0,77.8,1,SEVERE,9,24818461
2017-06-16,Uttarkashi,Uttarakhand,30.7153,78.4473,42.6,80.6,65.3,36.0,1907.4,74.9,43.5,0,MODERATE,0,0
2022-03-27,Darjeeling,West Bengal,27.0522,88.2649,11.8,13.4,71.3,24.7,2011.4,74.1,15.1,0,LOW,0,0
2011-08-03,Kinnaur,Himachal Pradesh,31.5673,78.3832,133.2,244.1,91.6,41.6,2317.7,79.8,91.2,1,HIGH,8,20188594
2025-03-18,Leh,Ladakh,34.1702,77.5815,12.5,14.6,22.0,18.1,3326.8,82.6,9.0,0,LOW,0,0
2021-08-17,Shimla,Himachal Pradesh,31.0899,77.1979,147.3,209.1,91.2,30.3,2261.1,70.6,136.3,1,HIGH,7,13204528
2018-08-18,Kinnaur,Himachal Pradesh,31.5933,78.3807,42.6,86.4,52.0,36.3,2582.1,78.4,42.8,0,MODERATE,0,0
2023-10-04,Mangan,Sikkim,27.5076,88.5286,230.0,315.0,97.0,40.0,2800.0,85.0,210.0,1,SEVERE,78,214979419
2017-05-25,Mangan,Sikkim,27.5205,88.5473,5.3,8.3,66.2,32.4,2686.7,85.4,11.4,0,LOW,0,0
2022-02-17,Anantnag,Jammu And Kashmir,33.7315,75.1633,7.2,8.4,59.4,20.0,2534.9,68.8,14.9,0,LOW,0,0
2023-01-12,Kargil,Ladakh,34.5654,76.1251,14.2,21.8,10.4,20.9,3219.0,83.0,17.5,0,LOW,0,0
2012-09-12,Srinagar,Jammu And Kashmir,34.0784,74.8191,149.8,302.8,91.4,22.8,2074.9,70.3,170.4,1,HIGH,6,11817683
2020-05-03,Tehri Garhwal,Uttarakhand,30.3861,78.4784,15.9,26.8,57.9,27.2,1669.5,69.9,7.3,0,LOW,0,0
2024-05-26,Tawang,Arunachal Pradesh,27.6054,91.8723,38.9,82.6,80.8,38.9,2822.2,80.2,27.1,0,MODERATE,0,0
2012-10-24,Tawang,Arunachal Pradesh,27.5859,91.8772,5.3,20.0,69.7,36.3,3360.1,80.9,5.5,0,LOW,0,0
2017-08-23,Shillong,Meghalaya,25.5706,91.8784,71.4,116.4,80.3,28.5,1678.9,76.7,21.2,0,MODERATE,0,0
2019-04-28,Cherrapunji,Meghalaya,25.289,91.7143,12.1,23.9,73.3,22.4,1312.9,82.3,8.3,0,LOW,0,0
2019-08-18,Uttarkashi,Uttarakhand,30.7268,78.4354,175.0,240.0,87.0,35.0,2100.0,80.0,145.0,1,HIGH,16,50834366
2025-05-19,Tehri Garhwal,Uttarakhand,30.382,78.4795,42.3,101.3,58.8,22.3,2176.4,72.9,49.9,0,MODERATE,0,0
2019-09-05,Shillong,Meghalaya,25.5598,91.8911,228.0,349.1,84.8,28.0,1460.1,75.3,213.8,1,SEVERE,29,47029497
2023-04-17,Uttarkashi,Uttarakhand,30.7138,78.4218,5.4,17.6,38.7,35.7,2725.1,71.6,17.0,0,LOW,0,0
2021-06-15,Chamoli,Uttarakhand,30.4006,79.4092,63.9,121.9,55.6,31.0,1528.2,80.7,16.0,0,MODERATE,0,0
2024-09-23,Tehri Garhwal,Uttarakhand,30.3714,78.4956,61.8,84.4,55.2,27.5,1051.6,72.2,42.1,0,MODERATE,0,0
2022-05-06,Mangan,Sikkim,27.4972,88.5307,43.7,88.6,83.4,45.1,1761.0,77.3,52.0,0,MODERATE,0,0
2021-07-28,Gangtok,Sikkim,27.3229,88.6203,47.4,93.9,84.4,31.9,1437.0,77.0,64.0,0,MODERATE,0,0
2019-06-22,Tehri Garhwal,Uttarakhand,30.4015,78.4826,224.1,361.2,89.5,30.0,2393.4,77.3,100.8,1,SEVERE,9,23453167
2023-04-23,Baramulla,Jammu And Kashmir,34.2174,74.3363,8.7,23.1,39.8,31.0,2580.5,73.7,6.0,0,LOW,0,0
2012-09-03,Kinnaur,Himachal Pradesh,31.5724,78.3805,68.4,122.7,39.5,40.4,3718.8,84.7,30.8,0,MODERATE,0,0
2015-06-07,Tawang,Arunachal Pradesh,27.5688,91.861,213.5,338.9,95.0,33.4,2444.9,79.4,221.9,1,SEVERE,22,55570529
2025-11-11,Gangtok,Sikkim,27.3298,88.6185,17.8,25.9,64.3,27.1,1757.0,79.8,15.1,0,LOW,0,0
2024-11-22,Kangra,Himachal Pradesh,32.1133,76.2742,14.0,17.4,63.7,21.4,1001.0,77.6,4.4,0,LOW,0,0
2017-06-21,Shimla,Himachal Pradesh,31.0875,77.1917,63.8,117.1,48.6,18.3,2047.3,76.0,19.1,0,MODERATE,0,0
2024-10-21,Uttarkashi,Uttarakhand,30.7143,78.4396,11.1,18.7,49.8,38.3,3250.1,74.5,11.1,0,LOW,0,0
2014-09-19,Chamoli,Uttarakhand,30.4112,79.3689,134.5,208.5,90.6,36.0,2889.7,83.5,94.5,1,HIGH,4,12357277
2018-08-15,Kangra,Himachal Pradesh,32.0917,76.2726,33.8,63.8,63.1,28.7,1589.5,77.8,35.8,0,MODERATE,0,0
2020-03-11,Kargil,Ladakh,34.5712,76.124,7.2,7.8,10.8,36.1,3430.9,81.2,14.3,0,LOW,0,0
2019-10-23,Uttarkashi,Uttarakhand,30.7238,78.443,7.8,22.7,40.8,25.8,1887.0,73.0,5.9,0,LOW,0,0
2025-12-22,Shillong,Meghalaya,25.5845,91.901,8.6,14.3,81.8,23.0,1700.5,76.8,9.2,0,LOW,0,0
2020-08-22,Mandi,Himachal Pradesh,31.727,76.9334,40.0,86.4,58.8,21.2,1794.0,73.5,28.9,0,MODERATE,0,0
2016-07-07,Mangan,Sikkim,27.5048,88.5318,59.9,95.1,86.5,38.2,2296.4,84.2,23.7,0,MODERATE,0,0
2023-04-12,Tehri Garhwal,Uttarakhand,30.4085,78.4812,7.8,21.4,36.7,22.8,979.9,71.2,2.5,0,LOW,0,0
2022-09-06,Anantnag,Jammu And Kashmir,33.7141,75.1649,36.4,74.9,50.8,16.2,2565.6,77.0,27.8,0,MODERATE,0,0
2021-04-19,Kinnaur,Himachal Pradesh,31.5964,78.3687,0.3,3.4,24.3,42.4,4057.7,79.0,16.4,0,LOW,0,0
2023-08-04,Darjeeling,West Bengal,27.0482,88.2518,10.6,14.2,73.8,34.8,1831.5,75.0,10.6,0,LOW,0,0
2024-06-19,Gangtok,Sikkim,27.358,88.6255,6.8,15.1,59.4,26.7,1899.9,76.3,0.2,0,LOW,0,0
2024-04-02,Tawang,Arunachal Pradesh,27.5786,91.8534,8.6,11.3,54.0,43.9,2451.8,74.4,14.3,0,LOW,0,0
2019-05-11,Pithoragarh,Uttarakhand,29.5727,80.2029,68.6,101.8,66.7,39.0,2864.4,75.5,29.4,0,MODERATE,0,0
2022-05-23,Leh,Ladakh,34.14,77.5866,16.0,18.0,18.6,34.2,3729.1,87.3,5.5,0,LOW,0,0
2018-06-27,Chamba,Himachal Pradesh,32.561,76.1383,4.5,8.2,52.6,25.5,1124.6,71.0,11.9,0,LOW,0,0
2023-02-11,Kalimpong,West Bengal,27.0597,88.4783,9.9,22.9,64.0,27.4,1679.2,74.0,17.8,0,LOW,0,0
2016-07-05,Namchi,Sikkim,27.1647,88.3793,151.4,216.8,93.7,35.2,1528.4,80.0,181.6,1,SEVERE,34,55679214
2015-10-24,Chamba,Himachal Pradesh,32.5631,76.1148,1.7,12.5,38.3,34.1,2166.1,76.7,5.4,0,LOW,0,0
2018-10-25,Mandi,Himachal Pradesh,31.7252,76.9476,4.5,9.6,46.8,33.1,902.3,78.1,18.7,0,LOW,0,0
2017-08-07,Shillong,Meghalaya,25.5679,91.8788,16.4,17.8,73.8,15.3,1569.9,79.5,10.2,0,LOW,0,0
2015-10-17,Kargil,Ladakh,34.544,76.1255,14.6,24.7,26.1,22.1,2754.1,81.2,18.2,0,LOW,0,0
2012-05-18,Leh,Ladakh,34.17,77.5803,13.7,18.5,13.5,18.9,4582.5,87.4,6.3,0,LOW,0,0
2018-05-14,Mandi,Himachal Pradesh,31.6998,76.9433,10.3,12.8,50.2,25.4,1415.7,70.6,2.8,0,LOW,0,0
2023-07-06,Chamoli,Uttarakhand,30.3778,79.3998,0.1,4.7,47.0,33.1,2053.1,74.1,2.7,0,LOW,0,0
2023-07-06,Cherrapunji,Meghalaya,25.288,91.7115,11.6,16.3,76.5,31.7,1227.0,77.2,11.6,0,LOW,0,0
2023-07-17,Srinagar,Jammu And Kashmir,34.0919,74.7939,48.4,77.3,61.0,24.2,1971.0,66.5,20.7,0,MODERATE,0,0
2021-11-05,Srinagar,Jammu And Kashmir,34.1004,74.7897,12.2,16.5,51.7,23.6,2117.6,68.3,13.1,0,LOW,0,0
2023-07-06,Namchi,Sikkim,27.1642,88.3468,251.2,395.4,85.3,32.9,1114.8,74.1,200.9,1,SEVERE,28,56456679
2020-11-02,Cherrapunji,Meghalaya,25.301,91.7136,13.3,20.2,84.1,22.2,1364.0,76.0,7.0,0,LOW,0,0
2016-10-10,Srinagar,Jammu And Kashmir,34.0778,74.8004,5.9,7.8,40.6,21.3,2114.3,72.2,13.3,0,LOW,0,0
2022-06-08,Kalimpong,West Bengal,27.0547,88.4574,1.0,8.6,60.1,33.2,1323.2,76.0,16.3,0,LOW,0,0
2021-07-18,Cherrapunji,Meghalaya,25.2798,91.6928,255.1,323.0,88.6,32.7,1405.1,77.9,203.9,1,SEVERE,17,47974828
2019-10-16,Mangan,Sikkim,27.5109,88.53,12.1,14.2,68.2,30.8,2342.4,79.1,5.1,0,LOW,0,0
2023-07-10,Shimla,Himachal Pradesh,31.1048,77.1734,170.0,245.0,86.0,30.0,2200.0,78.0,150.0,1,HIGH,12,63314694
2025-06-13,Chamoli,Uttarakhand,30.3778,79.3933,2.8,9.1,55.3,30.9,3439.9,77.2,6.8,0,LOW,0,0
2013-07-22,Kangra,Himachal Pradesh,32.0836,76.2884,10.2,21.6,43.6,34.1,1923.2,75.2,17.1,0,LOW,0,0
2018-09-18,Uttarkashi,Uttarakhand,30.7035,78.4621,225.1,366.4,84.6,30.7,3451.5,74.9,146.7,1,SEVERE,2,27186770
2014-06-11,Rudraprayag,Uttarakhand,30.2728,78.9662,12.7,15.8,62.6,26.3,1084.9,80.7,16.2,0,LOW,0,0
2023-08-14,Mandi,Himachal Pradesh,31.7078,76.932,210.0,295.0,92.0,35.0,1400.0,82.0,175.0,1,SEVERE,31,98934414
2017-02-14,Cherrapunji,Meghalaya,25.3138,91.6897,7.5,9.2,65.5,32.8,1385.4,83.2,6.5,0,LOW,0,0
2023-07-14,Rudraprayag,Uttarakhand,30.2891,78.9821,35.2,94.0,54.5,30.3,1103.5,76.3,63.1,0,MODERATE,0,0
2021-06-22,Uttarkashi,Uttarakhand,30.7527,78.4116,261.9,352.5,86.1,38.1,2568.0,84.8,231.7,1,SEVERE,21,37006062
2016-03-05,Kalimpong,West Bengal,27.0642,88.4836,10.0,18.8,74.8,33.9,1652.1,76.0,4.7,0,LOW,0,0
2021-08-20,Kangra,Himachal Pradesh,32.1071,76.269,46.1,83.4,54.6,30.3,888.1,71.8,35.6,0,MODERATE,0,0
2015-06-21,Tehri Garhwal,Uttarakhand,30.3738,78.4784,14.5,28.2,51.9,30.0,928.0,70.4,19.4,0,LOW,0,0
2020-11-12,Shimla,Himachal Pradesh,31.0872,77.1644,0.6,6.1,45.7,32.5,1519.2,72.5,19.0,0,LOW,0,0
2023-03-17,Tehri Garhwal,Uttarakhand,30.3789,78.4734,7.4,10.5,50.1,28.5,2142.2,75.3,12.2,0,LOW,0,0
2016-09-22,Bageshwar,Uttarakhand,29.8552,79.7667,57.3,115.8,65.2,22.9,1428.8,74.6,53.9,0,MODERATE,0,0
2022-09-05,Chamoli,Uttarakhand,30.3804,79.4266,154.7,204.9,89.1,44.8,1941.6,85.4,247.5,1,HIGH,3,24934065
2020-08-15,Darjeeling,West Bengal,27.0242,88.2479,67.1,123.9,75.1,28.1,2041.5,73.3,38.4,0,MODERATE,0,0
2017-11-12,Pithoragarh,Uttarakhand,29.591,80.2203,2.4,3.6,43.5,40.0,2858.9,79.7,14.3,0,LOW,0,0
2016-08-04,Cherrapunji,Meghalaya,25.2839,91.7155,1.1,13.5,88.6,26.5,1241.9,84.4,6.0,0,LOW,0,0
2012-03-24,Pithoragarh,Uttarakhand,29.5794,80.2028,11.9,12.3,38.5,26.3,1982.8,71.7,15.8,0,LOW,0,0
2022-07-08,Anantnag,Jammu And Kashmir,33.7311,75.1471,165.0,215.0,85.0,33.0,2700.0,83.0,110.0,1,HIGH,15,82127281
2018-11-04,Tehri Garhwal,Uttarakhand,30.4039,78.485,7.0,12.6,63.5,29.7,1698.5,75.3,13.9,0,LOW,0,0
2014-05-02,Cherrapunji,Meghalaya,25.2866,91.6923,56.5,108.7,79.2,23.6,1244.7,76.9,20.7,0,MODERATE,0,0
2020-08-15,Gangtok,Sikkim,27.3228,88.6258,16.5,24.8,77.4,32.5,1759.3,74.6,7.6,0,LOW,0,0
2019-06-28,Darjeeling,West Bengal,27.0151,88.2404,211.3,343.6,84.7,34.5,2311.6,75.2,189.3,1,SEVERE,13,28392133
2022-07-18,Shillong,Meghalaya,25.5786,91.9122,9.4,15.6,62.7,23.9,1804.4,71.8,11.1,0,LOW,0,0
2018-06-04,Kinnaur,Himachal Pradesh,31.6003,78.3611,5.2,15.7,34.7,30.8,2952.1,84.2,11.5,0,LOW,0,0
2018-02-24,Pithoragarh,Uttarakhand,29.5986,80.2345,0.5,5.8,41.0,27.8,2093.4,72.9,12.0,0,LOW,0,0
2019-09-28,Kinnaur,Himachal Pradesh,31.5937,78.3713,34.2,92.3,35.9,42.1,2494.7,76.5,30.5,0,MODERATE,0,0
2023-10-01,Leh,Ladakh,34.1431,77.5715,5.8,9.5,14.4,33.1,4726.5,83.0,4.7,0,LOW,0,0
2018-10-19,Tehri Garhwal,Uttarakhand,30.3813,78.4945,49.6,98.9,69.1,34.5,1614.9,72.8,28.5,0,MODERATE,0,0
2012-10-27,Mangan,Sikkim,27.4984,88.5102,63.1,107.2,70.6,40.1,3523.4,81.5,26.4,0,MODERATE,0,0
2022-06-17,Cherrapunji,Meghalaya,25.3,91.7,360.0,810.0,98.0,28.0,1300.0,85.0,420.0,1,SEVERE,18,86598928
2021-06-23,Chamoli,Uttarakhand,30.3789,79.4005,39.2,81.1,76.0,42.0,1515.7,83.7,36.9,0,MODERATE,0,0
2018-07-21,Chamba,Himachal Pradesh,32.5719,76.1245,54.0,100.4,43.9,22.2,1782.1,72.9,47.4,0,MODERATE,0,0
2021-07-12,Kangra,Himachal Pradesh,32.0998,76.2691,180.0,250.0,88.0,29.0,1200.0,79.0,130.0,1,HIGH,10,36878334
2013-11-28,Gangtok,Sikkim,27.3449,88.5878,1.4,15.8,69.5,35.2,1700.0,80.3,4.9,0,LOW,0,0
2017-05-15,Leh,Ladakh,34.1722,77.5788,3.4,14.6,24.8,18.7,3677.4,86.0,5.8,0,LOW,0,0
2015-11-13,Kalimpong,West Bengal,27.0545,88.4546,10.3,19.6,52.8,29.8,1549.3,73.0,17.8,0,LOW,0,0
2014-11-03,Chamba,Himachal Pradesh,32.5433,76.137,6.3,20.7,53.3,23.9,1437.5,69.7,3.0,0,LOW,0,0
2018-08-11,Tehri Garhwal,Uttarakhand,30.3769,78.4729,10.2,16.2,39.3,20.6,1968.4,70.2,12.7,0,LOW,0,0
2025-03-02,Uttarkashi,Uttarakhand,30.7467,78.4313,11.7,15.2,58.6,24.7,3311.5,74.2,17.0,0,LOW,0,0
2015-07-28,Kullu,Himachal Pradesh,31.9602,77.1202,2.8,10.0,64.7,33.1,1429.8,70.8,7.0,0,LOW,0,0
2015-08-12,Kargil,Ladakh,34.5711,76.1279,15.3,19.6,25.3,38.1,2835.8,83.5,5.5,0,LOW,0,0
2013-08-20,Mangan,Sikkim,27.509,88.5339,2.0,6.3,68.1,35.6,3343.5,80.0,1.0,0,LOW,0,0
2018-12-24,Rudraprayag,Uttarakhand,30.284,78.978,6.5,15.1,54.0,27.6,3275.9,72.7,19.7,0,LOW,0,0
2014-03-25,Chamba,Himachal Pradesh,32.5619,76.1353,12.6,20.7,34.0,39.8,1891.3,70.9,17.9,0,LOW,0,0
2023-10-18,Anantnag,Jammu And Kashmir,33.7431,75.163,47.1,67.4,53.1,31.4,2744.1,72.2,52.7,0,MODERATE,0,0
2020-12-09,Cherrapunji,Meghalaya,25.3014,91.6915,12.0,21.2,77.6,20.1,1365.5,74.1,9.8,0,LOW,0,0
2021-02-02,Kullu,Himachal Pradesh,31.971,77.1256,13.7,23.9,55.9,32.5,2256.3,71.6,15.7,0,LOW,0,0
2010-08-06,Leh,Ladakh,34.1526,77.5771,190.0,230.0,68.0,32.0,3500.0,88.0,65.0,1,SEVERE,255,644178443
2012-10-18,Chamba,Himachal Pradesh,32.5493,76.1305,12.1,22.2,51.3,38.9,1127.5,70.3,16.4,0,LOW,0,0
2016-08-26,Tawang,Arunachal Pradesh,27.5998,91.8632,193.4,274.0,86.8,31.5,2931.9,80.0,219.8,1,SEVERE,4,19701506
2014-07-15,Gangtok,Sikkim,27.3412,88.607,5.7,7.3,58.1,29.8,1669.8,73.3,6.2,0,LOW,0,0
2017-05-03,Namchi,Sikkim,27.1709,88.3831,11.4,23.3,69.8,23.2,1561.7,70.4,7.0,0,LOW,0,0
2012-04-17,Uttarkashi,Uttarakhand,30.725,78.4178,17.0,27.0,59.5,39.2,1655.4,77.1,8.2,0,LOW,0,0
2013-09-15,Kullu,Himachal Pradesh,31.9701,77.1076,10.3,12.6,46.5,24.3,1610.8,73.8,10.4,0,LOW,0,0
2019-11-24,Bageshwar,Uttarakhand,29.8407,79.773,17.9,23.8,41.7,35.0,2185.5,77.8,19.6,0,LOW,0,0
2017-09-25,Kalimpong,West Bengal,27.0625,88.4694,48.2,88.8,84.7,29.8,1389.3,71.9,47.9,0,MODERATE,0,0
2023-10-07,Srinagar,Jammu And Kashmir,34.0817,74.7945,7.7,14.6,53.9,12.8,1977.3,69.0,12.6,0,LOW,0,0
2022-05-10,Cherrapunji,Meghalaya,25.3006,91.7053,44.5,82.2,89.2,32.7,1487.9,82.1,40.6,0,MODERATE,0,0
2013-04-26,Kangra,Himachal Pradesh,32.0854,76.2807,16.0,28.8,60.8,29.5,1869.9,75.1,18.5,0,LOW,0,0
2014-07-23,Bageshwar,Uttarakhand,29.8503,79.7579,12.2,22.1,40.5,34.4,2112.3,70.7,12.4,0,LOW,0,0
2016-06-10,Srinagar,Jammu And Kashmir,34.0895,74.8136,17.6,20.0,49.6,17.1,1972.9,72.6,17.6,0,LOW,0,0
2012-02-22,Chamba,Himachal Pradesh,32.5617,76.1206,8.0,19.0,62.1,29.8,2242.9,75.9,12.3,0,LOW,0,0
2018-06-25,Chamba,Himachal Pradesh,32.5684,76.1177,10.1,24.1,55.8,32.3,2040.7,77.0,5.8,0,LOW,0,0
2021-08-15,Namchi,Sikkim,27.1759,88.3751,4.2,7.8,79.1,36.5,1294.0,76.8,15.7,0,LOW,0,0
2020-05-05,Kalimpong,West Bengal,27.0486,88.467,65.0,104.4,67.5,32.8,1264.1,73.4,37.0,0,MODERATE,0,0
2022-05-02,Mangan,Sikkim,27.4964,88.548,4.9,16.2,63.1,33.1,3031.9,80.4,8.6,0,LOW,0,0
2024-11-17,Uttarkashi,Uttarakhand,30.7189,78.4411,8.6,20.2,51.4,33.1,3369.0,70.4,2.2,0,LOW,0,0
2012-11-25,Bageshwar,Uttarakhand,29.842,79.7777,11.9,22.7,55.5,30.1,2302.9,70.2,16.9,0,LOW,0,0
2023-07-14,Kalimpong,West Bengal,27.0434,88.4972,214.0,360.2,96.7,37.0,1265.7,75.0,217.4,1,SEVERE,3,19314801
2012-02-09,Baramulla,Jammu And Kashmir,34.1981,74.3535,0.8,15.6,51.0,27.8,2562.3,70.3,8.0,0,LOW,0,0
2016-08-22,Kinnaur,Himachal Pradesh,31.58,78.3774,14.0,22.5,22.5,29.1,3435.7,82.7,1.1,0,LOW,0,0
2013-04-22,Tawang,Arunachal Pradesh,27.5926,91.8477,7.5,8.1,79.1,41.2,3231.3,83.0,14.0,0,LOW,0,0
2013-09-12,Anantnag,Jammu And Kashmir,33.7138,75.1481,4.4,6.5,47.0,20.3,2099.9,74.6,12.3,0,LOW,0,0
2015-06-27,Shillong,Meghalaya,25.5955,91.8873,68.9,121.3,71.1,16.6,1879.7,78.6,54.4,0,MODERATE,0,0
2025-09-05,Mangan,Sikkim,27.5137,88.5225,6.7,20.1,72.1,34.8,1416.7,85.6,18.3,0,LOW,0,0
2017-04-05,Pithoragarh,Uttarakhand,29.5941,80.2065,17.1,29.4,40.9,33.5,3148.0,70.5,4.2,0,LOW,0,0
2019-07-25,Baramulla,Jammu And Kashmir,34.1991,74.3491,66.7,122.4,51.8,22.6,1675.1,74.6,60.3,0,MODERATE,0,0
2023-04-16,Kinnaur,Himachal Pradesh,31.5756,78.3917,7.9,14.4,44.7,37.9,2800.9,82.0,13.0,0,LOW,0,0
2025-08-02,Srinagar,Jammu And Kashmir,34.0764,74.7962,64.3,99.4,63.3,24.7,1705.2,68.8,58.5,0,MODERATE,0,0
2023-09-25,Darjeeling,West Bengal,27.0486,88.254,54.8,88.8,75.4,26.6,2232.8,73.8,30.3,0,MODERATE,0,0
2020-06-03,Gangtok,Sikkim,27.3217,88.5924,149.6,270.6,89.9,39.3,1409.3,82.5,247.9,1,HIGH,8,24710793
2017-01-16,Srinagar,Jammu And Kashmir,34.0679,74.7939,10.4,19.1,43.4,21.6,1932.6,70.0,7.8,0,LOW,0,0
2023-06-12,Tehri Garhwal,Uttarakhand,30.4015,78.4904,211.8,353.6,91.6,26.7,1224.0,81.8,115.2,1,SEVERE,15,35367485
2019-04-12,Baramulla,Jammu And Kashmir,34.2113,74.3386,13.8,28.2,43.1,15.5,1800.7,75.9,15.5,0,LOW,0,0
2023-07-05,Mandi,Himachal Pradesh,31.7346,76.9119,138.7,285.3,96.3,31.3,843.4,82.1,104.6,1,SEVERE,32,66705794
2016-08-01,Bageshwar,Uttarakhand,29.8225,79.7674,14.6,28.6,58.9,22.9,2593.1,73.7,3.8,0,LOW,0,0
2022-10-19,Pithoragarh,Uttarakhand,29.5717,80.2004,17.6,26.4,63.5,34.4,1448.0,74.7,14.5,0,LOW,0,0
2025-05-09,Leh,Ladakh,34.1635,77.5913,74.1,103.9,24.4,36.4,4013.2,88.8,34.2,0,MODERATE,0,0
2018-08-08,Mandi,Himachal Pradesh,31.7094,76.9422,3.7,5.2,39.1,32.7,815.7,77.4,12.0,0,LOW,0,0
2020-08-25,Chamba,Himachal Pradesh,32.5577,76.1327,11.1,14.4,36.4,35.5,2172.1,72.2,3.1,0,LOW,0,0
2025-05-25,Cherrapunji,Meghalaya,25.297,91.687,55.9,104.6,83.1,22.4,1406.3,83.8,35.0,0,MODERATE,0,0
2023-02-07,Leh,Ladakh,34.1334,77.5696,3.1,12.5,20.5,21.0,4289.2,80.3,16.8,0,LOW,0,0
2014-01-08,Kargil,Ladakh,34.5622,76.1509,2.7,3.6,12.1,26.9,3742.9,84.0,18.0,0,LOW,0,0
2013-07-01,Tehri Garhwal,Uttarakhand,30.3812,78.4653,13.6,17.0,55.3,27.2,2137.8,73.6,13.5,0,LOW,0,0
2023-06-26,Chamba,Himachal Pradesh,32.5408,76.1446,9.6,23.3,59.4,36.8,1911.9,76.1,5.1,0,LOW,0,0
2019-08-09,Gangtok,Sikkim,27.3491,88.5954,148.0,295.9,87.2,35.8,1819.2,82.0,191.1,1,HIGH,3,14412544
2025-10-14,Srinagar,Jammu And Kashmir,34.0736,74.8119,1.9,5.5,33.7,12.1,1582.9,74.5,9.0,0,LOW,0,0
2013-12-04,Baramulla,Jammu And Kashmir,34.2233,74.3496,11.4,19.6,41.1,24.0,1999.1,72.1,19.9,0,LOW,0,0
2016-08-27,Gangtok,Sikkim,27.3196,88.5997,17.8,28.9,65.5,37.3,1932.3,79.1,6.7,0,LOW,0,0
2013-06-20,Rudraprayag,Uttarakhand,30.2708,78.9666,1.1,8.3,52.0,34.8,3347.2,72.7,13.7,0,LOW,0,0
2019-05-18,Namchi,Sikkim,27.1454,88.3483,17.4,20.6,63.8,29.9,1982.3,76.5,1.0,0,LOW,0,0
2016-07-20,Pithoragarh,Uttarakhand,29.5903,80.2243,53.7,91.9,67.5,33.8,1677.9,74.7,35.5,0,MODERATE,0,0
2016-09-23,Kangra,Himachal Pradesh,32.0907,76.2535,17.2,18.4,67.6,31.5,942.4,78.3,13.1,0,LOW,0,0
2024-09-09,Mangan,Sikkim,27.5196,88.5377,16.0,27.2,84.2,45.5,2539.7,80.5,7.7,0,LOW,0,0
2025-06-18,Kargil,Ladakh,34.5713,76.1398,9.5,24.0,26.3,22.8,3000.0,85.1,16.0,0,LOW,0,0
2016-12-04,Mandi,Himachal Pradesh,31.7133,76.9496,1.1,2.9,47.8,29.0,1958.4,77.0,8.1,0,LOW,0,0
