date,location,rainfall_6h,rainfall_24h,soil_moisture,slope,elevation,cn,antecedent_rain_3d
2023-07-09,Sainj_Parvati_Himachal,75.0,150.0,0.9,22.5,1250,80,210.0
2023-08-14,Mandi_Himachal,85.0,204.5,0.95,25.5,1044,82,340.0
2021-02-07,Raini_Uttarakhand,0.0,0.0,0.4,45.0,3700,70,0.0
2023-08-10,Chamoli_Uttarakhand,90.0,160.0,0.92,30.0,1400,81,250.0
2023-10-03,South_Lhonak_Sikkim,45.2,110.5,0.92,15.4,5200,85,155.0
2023-07-15,Reasi_J_and_K,65.0,130.0,0.85,20.0,900,78,150.0
2025-08-14,Chashoti_Kishtwar,120.0,185.0,0.88,32.0,2438,78,210.0
2023-07-20,Leh_Ladakh,35.0,55.0,0.6,18.0,3500,88,40.0
2024-07-01,Majuli_Assam,30.0,115.0,0.99,2.0,85,90,320.0
2024-06-15,Jorabat_Meghalaya,85.0,180.0,0.96,12.0,150,86,280.0
2024-06-10,Imphal_Manipur,50.0,140.0,0.94,5.0,786,83,190.0
2024-08-20,Agartala_Tripura,60.0,155.0,0.97,3.0,15,85,210.0
2024-07-15,Mokokchung_Nagaland,45.0,110.0,0.92,22.0,1325,80,175.0
2024-05-28,Aizawl_Mizoram,65.0,145.0,0.95,35.0,1132,75,220.0
2025-10-05,Mirik_Darjeeling,95.0,270.0,0.98,28.0,1495,80,410.0
2024-06-25,Itanagar_Arunachal,70.0,190.0,0.95,25.0,320,79,260.0
