rainfall_6h,rainfall_24h,soil_moisture,slope,elevation,cn,antecedent_rain_3d,api,cn_adjusted,potential_retention_mm,expected_runoff_mm,time_concentration_min,flood_occurred
9.4,11.8,17.5,28.2,3141.4,84.8,5.7,5.13,70.09,108.39,0.0,9.18,0
70.5,98.1,68.9,32.3,2206.5,78.9,36.8,33.12,89.58,29.55,44.32,6.64,0
9.0,21.5,63.8,35.5,807.1,70.2,1.4,1.26,84.42,46.88,0.0,2.95,0
3.2,14.8,30.8,24.1,1686.3,73.0,14.5,13.05,73.0,93.95,0.0,6.04,0
212.8,354.0,92.0,36.5,2791.0,73.5,236.5,212.85,86.45,39.81,171.51,7.59,1
226.1,288.4,89.7,37.4,1713.1,76.2,167.1,150.39,88.04,34.51,189.38,5.16,1
6.0,17.3,34.2,20.9,1875.5,74.7,19.8,17.82,74.7,86.03,0.0,6.92,0
38.3,60.4,53.5,42.4,3001.4,76.7,38.9,35.01,76.7,77.16,5.23,7.57,0
53.3,75.3,66.2,34.1,3522.0,80.0,57.4,51.66,90.2,27.6,30.29,9.31,0
16.5,20.0,28.0,31.3,3033.8,87.4,13.8,12.42,74.45,87.17,0.0,8.58,0
30.1,68.1,62.3,24.2,2101.8,75.6,29.6,26.64,87.69,35.66,9.0,7.14,0
8.4,16.8,19.9,35.6,4228.8,89.9,13.6,12.24,78.9,67.93,0.0,10.55,0
12.2,26.5,59.0,37.6,1820.9,70.8,12.2,10.98,70.8,104.76,0.0,5.4,0
74.9,124.8,59.7,29.4,1996.1,74.4,19.9,17.91,74.4,87.4,22.77,6.37,0
51.8,100.8,87.5,27.7,1860.3,72.3,41.2,37.08,85.72,42.31,21.93,6.17,0
245.0,330.0,94.0,34.0,2100.0,80.0,190.0,171.0,90.2,27.6,214.73,6.26,1
62.0,100.0,75.4,26.5,1273.0,81.3,29.7,26.73,90.91,25.4,39.36,4.69,0
185.0,260.0,91.0,42.0,3200.0,86.0,140.0,126.0,93.39,17.98,165.05,7.98,1
55.4,76.5,59.8,24.3,1660.3,71.8,21.8,19.62,71.8,99.76,9.29,5.95,0
39.9,77.3,15.5,31.6,3846.9,81.7,31.8,28.62,65.22,135.45,1.11,10.27,0
15.0,26.5,61.5,27.9,1598.5,75.4,3.3,2.97,87.58,36.02,1.39,5.48,0
7.5,15.9,21.2,26.2,2634.8,82.0,13.5,12.15,65.68,132.72,0.0,8.24,0
13.2,20.7,51.6,30.2,1528.8,76.5,11.2,10.08,76.5,78.03,0.0,5.13,0
43.5,101.9,60.9,21.4,2799.2,76.5,37.8,34.02,88.22,33.92,19.08,9.34,0
17.2,27.5,47.7,23.5,1806.9,75.4,1.8,1.62,75.4,82.87,0.0,6.43,0
15.2,19.0,58.3,20.3,1084.5,75.3,11.0,9.9,75.3,83.32,0.0,4.59,0
9.0,12.6,82.9,24.5,2330.8,80.4,7.5,6.75,90.42,26.91,0.43,7.7,0
10.9,21.1,71.3,43.3,2692.2,79.3,7.4,6.66,89.81,28.82,0.78,6.91,0
11.0,20.7,32.7,29.1,1794.2,67.8,18.6,16.74,67.8,120.63,0.0,5.89,0
195.0,270.0,89.0,36.0,1850.0,81.0,160.0,144.0,90.75,25.89,167.04,5.56,1
37.9,78.6,72.2,37.9,1405.1,78.1,28.9,26.01,89.13,30.98,16.04,4.41,0
5.3,17.1,51.2,37.3,2363.7,76.6,10.8,9.72,76.6,77.59,0.0,6.62,0
12.6,18.5,80.5,25.0,1313.0,82.7,18.8,16.92,91.66,23.11,2.05,4.91,0
15.7,20.6,68.5,40.7,3124.2,69.2,0.3,0.27,83.79,49.14,0.63,7.93,0
5.0,19.9,50.4,24.6,1806.0,72.9,2.4,2.16,72.9,94.42,0.0,6.32,0
193.5,266.8,91.0,22.4,1842.9,80.9,214.1,192.69,90.69,26.07,165.39,6.65,1
14.8,15.9,86.3,36.1,3036.3,78.8,12.8,11.52,89.53,29.7,2.04,8.13,0
2.1,16.2,39.5,32.2,1596.5,74.8,6.2,5.58,74.8,85.57,0.0,5.18,0
320.0,410.0,96.0,38.0,3583.0,84.0,310.0,279.0,92.35,21.04,296.07,9.05,1
72.0,112.4,50.5,32.0,3373.9,86.0,29.1,26.19,86.0,41.35,38.65,9.23,0
221.3,288.2,73.7,36.7,3448.6,83.0,77.8,70.02,91.82,22.63,196.28,8.91,1
42.6,80.6,65.3,36.0,1907.4,74.9,43.5,39.15,87.28,37.02,17.15,5.69,0
11.8,13.4,71.3,24.7,2011.4,74.1,15.1,13.59,86.81,38.59,0.39,6.85,0
133.2,244.1,91.6,41.6,2317.7,79.8,91.2,82.08,90.09,27.94,104.69,6.25,1
12.5,14.6,22.0,18.1,3326.8,82.6,9.0,8.1,66.6,127.38,0.0,11.38,0
147.3,209.1,91.2,30.3,2261.1,70.6,136.3,122.67,84.67,45.99,103.6,6.93,1
42.6,86.4,52.0,36.3,2582.1,78.4,42.8,38.52,78.4,69.98,8.3,7.16,0
230.0,315.0,97.0,40.0,2800.0,85.0,210.0,189.0,92.87,19.5,208.15,7.34,1
5.3,8.3,66.2,32.4,2686.7,85.4,11.4,10.26,93.08,18.88,0.11,7.71,0
7.2,8.4,59.4,20.0,2534.9,68.8,14.9,13.41,68.8,115.19,0.0,8.88,0
14.2,21.8,10.4,20.9,3219.0,83.0,17.5,15.75,67.22,123.86,0.0,10.49,0
149.8,302.8,91.4,22.8,2074.9,70.3,170.4,153.36,84.48,46.66,105.44,7.24,1
15.9,26.8,57.9,27.2,1669.5,69.9,7.3,6.57,69.9,109.38,0.0,5.72,0
38.9,82.6,80.8,38.9,2822.2,80.2,27.1,24.39,90.31,27.25,18.43,7.47,0
5.3,20.0,69.7,36.3,3360.1,80.9,5.5,4.95,90.69,26.07,0.0,8.77,0
71.4,116.4,80.3,28.5,1678.9,76.7,21.2,19.08,88.33,33.56,42.59,5.64,0
12.1,23.9,73.3,22.4,1312.9,82.3,8.3,7.47,91.45,23.75,1.74,5.12,0
175.0,240.0,87.0,35.0,2100.0,80.0,145.0,130.5,90.2,27.6,145.75,6.19,1
42.3,101.3,58.8,22.3,2176.4,72.9,49.9,44.91,72.9,94.42,4.65,7.57,0
228.0,349.1,84.8,28.0,1460.1,75.3,213.8,192.42,87.52,36.22,189.64,5.1,1
5.4,17.6,38.7,35.7,2725.1,71.6,17.0,15.3,71.6,100.75,0.0,7.51,0
63.9,121.9,55.6,31.0,1528.2,80.7,16.0,14.4,80.7,60.75,23.8,5.08,0
61.8,84.4,55.2,27.5,1051.6,72.2,42.1,37.89,72.2,97.8,12.74,3.99,0
43.7,88.6,83.4,45.1,1761.0,77.3,52.0,46.8,88.68,32.42,19.89,4.9,0
47.4,93.9,84.4,31.9,1437.0,77.0,64.0,57.6,88.51,32.97,22.57,4.79,0
224.1,361.2,89.5,30.0,2393.4,77.3,100.8,90.72,88.68,32.42,189.4,7.27,1
8.7,23.1,39.8,31.0,2580.5,73.7,6.0,5.4,73.7,90.64,0.0,7.6,0
68.4,122.7,39.5,40.4,3718.8,84.7,30.8,27.72,84.7,45.88,33.37,9.1,0
213.5,338.9,95.0,33.4,2444.9,79.4,221.9,199.71,89.86,28.66,182.58,7.09,1
17.8,25.9,64.3,27.1,1757.0,79.8,15.1,13.59,90.09,27.94,3.71,5.96,0
14.0,17.4,63.7,21.4,1001.0,77.6,4.4,3.96,88.85,31.88,1.47,4.23,0
63.8,117.1,48.6,18.3,2047.3,76.0,19.1,17.19,76.0,80.21,17.82,7.79,0
11.1,18.7,49.8,38.3,3250.1,74.5,11.1,9.99,74.5,86.94,0.0,8.37,0
134.5,208.5,90.6,36.0,2889.7,83.5,94.5,85.05,92.09,21.82,111.45,7.83,1
33.8,63.8,63.1,28.7,1589.5,77.8,35.8,32.22,88.96,31.52,12.81,5.39,0
7.2,7.8,10.8,36.1,3430.9,81.2,14.3,12.87,64.46,140.04,0.0,8.93,0
7.8,22.7,40.8,25.8,1887.0,73.0,5.9,5.31,73.0,93.95,0.0,6.41,0
8.6,14.3,81.8,23.0,1700.5,76.8,9.2,8.28,88.39,33.36,0.11,6.19,0
40.0,86.4,58.8,21.2,1794.0,73.5,28.9,26.01,73.5,91.58,4.15,6.65,0
59.9,95.1,86.5,38.2,2296.4,84.2,23.7,21.33,92.46,20.71,40.66,6.41,0
7.8,21.4,36.7,22.8,979.9,71.2,2.5,2.25,71.2,102.74,0.0,4.06,0
36.4,74.9,50.8,16.2,2565.6,77.0,27.8,25.02,77.0,75.87,4.64,9.72,0
0.3,3.4,24.3,42.4,4057.7,79.0,16.4,14.76,61.24,160.76,0.0,9.55,0
10.6,14.2,73.8,34.8,1831.5,75.0,10.6,9.54,87.34,36.82,0.26,5.59,0
6.8,15.1,59.4,26.7,1899.9,76.3,0.2,0.18,76.3,78.9,0.0,6.36,0
8.6,11.3,54.0,43.9,2451.8,74.4,14.3,12.87,74.4,87.4,0.0,6.39,0
68.6,101.8,66.7,39.0,2864.4,75.5,29.4,26.46,87.64,35.82,38.81,7.54,0
16.0,18.0,18.6,34.2,3729.1,87.3,5.5,4.95,74.27,88.0,0.0,9.72,0
4.5,8.2,52.6,25.5,1124.6,71.0,11.9,10.71,71.0,103.75,0.0,4.33,0
9.9,22.9,64.0,27.4,1679.2,74.0,17.8,16.02,86.75,38.8,0.11,5.73,0
151.4,216.8,93.7,35.2,1528.4,80.0,181.6,163.44,90.2,27.6,122.67,4.84,1
1.7,12.5,38.3,34.1,2166.1,76.7,5.4,4.86,76.7,77.16,0.0,6.41,0
4.5,9.6,46.8,33.1,902.3,78.1,18.7,16.83,78.1,71.22,0.0,3.3,0
16.4,17.8,73.8,15.3,1569.9,79.5,10.2,9.18,89.92,28.47,2.93,6.81,0
14.6,24.7,26.1,22.1,2754.1,81.2,18.2,16.38,64.46,140.04,0.0,9.11,0
13.7,18.5,13.5,18.9,4582.5,87.4,6.3,5.67,74.45,87.17,0.0,14.32,0
10.3,12.8,50.2,25.4,1415.7,70.6,2.8,2.52,70.6,105.77,0.0,5.17,0
0.1,4.7,47.0,33.1,2053.1,74.1,2.7,2.43,74.1,88.78,0.0,6.22,0
11.6,16.3,76.5,31.7,1227.0,77.2,11.6,10.44,88.62,32.62,0.68,4.25,0
48.4,77.3,61.0,24.2,1971.0,66.5,20.7,18.63,82.03,55.64,14.95,6.8,0
12.2,16.5,51.7,23.6,2117.6,68.3,13.1,11.79,68.3,117.89,0.0,7.25,0
251.2,395.4,85.3,32.9,1114.8,74.1,200.9,180.81,86.81,38.59,210.17,3.89,1
13.3,20.2,84.1,22.2,1364.0,76.0,7.0,6.3,87.93,34.87,0.97,5.29,0
5.9,7.8,40.6,21.3,2114.3,72.2,13.3,11.97,72.2,97.8,0.0,7.54,0
1.0,8.6,60.1,33.2,1323.2,76.0,16.3,14.67,87.93,34.87,0.0,4.43,0
255.1,323.0,88.6,32.7,1405.1,77.9,203.9,183.51,89.02,31.33,221.01,4.67,1
12.1,14.2,68.2,30.8,2342.4,79.1,5.1,4.59,89.7,29.17,1.11,7.08,0
170.0,245.0,86.0,30.0,2200.0,78.0,150.0,135.0,89.08,31.14,137.61,6.81,1
2.8,9.1,55.3,30.9,3439.9,77.2,6.8,6.12,77.2,75.02,0.0,9.5,0
10.2,21.6,43.6,34.1,1923.2,75.2,17.1,15.39,75.2,83.77,0.0,5.85,0
225.1,366.4,84.6,30.7,3451.5,74.9,146.7,132.03,87.28,37.02,186.06,9.55,1
12.7,15.8,62.6,26.3,1084.9,80.7,16.2,14.58,90.58,26.42,1.63,4.16,0
210.0,295.0,92.0,35.0,1400.0,82.0,175.0,157.5,91.29,24.23,183.48,4.53,1
7.5,9.2,65.5,32.8,1385.4,83.2,6.5,5.85,91.93,22.3,0.36,4.61,0
35.2,94.0,54.5,30.3,1103.5,76.3,63.1,56.79,76.3,78.9,3.84,3.99,0
261.9,352.5,86.1,38.1,2568.0,84.8,231.7,208.53,92.77,19.8,239.55,7.0,1
10.0,18.8,74.8,33.9,1652.1,76.0,4.7,4.23,87.93,34.87,0.24,5.21,0
46.1,83.4,54.6,30.3,888.1,71.8,35.6,32.04,71.8,99.76,5.43,3.37,0
14.5,28.2,51.9,30.0,928.0,70.4,19.4,17.46,70.4,106.8,0.0,3.5,0
0.6,6.1,45.7,32.5,1519.2,72.5,19.0,17.1,72.5,96.34,0.0,4.97,0
7.4,10.5,50.1,28.5,2142.2,75.3,12.2,10.98,75.3,83.32,0.0,6.81,0
57.3,115.8,65.2,22.9,1428.8,74.6,53.9,48.51,87.11,37.59,28.36,5.42,0
154.7,204.9,89.1,44.8,1941.6,85.4,247.5,222.75,93.08,18.88,134.14,5.3,1
67.1,123.9,75.1,28.1,2041.5,73.3,38.4,34.56,86.33,40.22,35.13,6.59,0
2.4,3.6,43.5,40.0,2858.9,79.7,14.3,12.87,79.7,64.7,0.0,7.46,0
1.1,13.5,88.6,26.5,1241.9,84.4,6.0,5.4,92.56,20.42,0.0,4.6,0
11.9,12.3,38.5,26.3,1982.8,71.7,15.8,14.22,71.7,100.25,0.0,6.61,0
165.0,215.0,85.0,33.0,2700.0,83.0,110.0,99.0,91.82,22.63,140.64,7.69,1
7.0,12.6,63.5,29.7,1698.5,75.3,13.9,12.51,87.52,36.22,0.0,5.6,0
56.5,108.7,79.2,23.6,1244.7,76.9,20.7,18.63,88.45,33.17,29.95,4.82,0
16.5,24.8,77.4,32.5,1759.3,74.6,7.6,6.84,87.11,37.59,1.73,5.56,0
211.3,343.6,84.7,34.5,2311.6,75.2,189.3,170.37,87.46,36.42,173.11,6.7,1
9.4,15.6,62.7,23.9,1804.4,71.8,11.1,9.99,85.41,43.39,0.01,6.38,0
5.2,15.7,34.7,30.8,2952.1,84.2,11.5,10.35,84.2,47.66,0.0,8.46,0
0.5,5.8,41.0,27.8,2093.4,72.9,12.0,10.8,72.9,94.42,0.0,6.75,0
34.2,92.3,35.9,42.1,2494.7,76.5,30.5,27.45,76.5,78.03,3.58,6.59,0
5.8,9.5,14.4,33.1,4726.5,83.0,4.7,4.23,67.22,123.86,0.0,11.82,0
49.6,98.9,69.1,34.5,1614.9,72.8,28.5,25.65,86.03,41.25,20.7,5.09,0
63.1,107.2,70.6,40.1,3523.4,81.5,26.4,23.76,91.02,25.06,40.58,8.75,0
360.0,810.0,98.0,28.0,1300.0,85.0,420.0,378.0,92.87,19.5,337.61,4.66,1
39.2,81.1,76.0,42.0,1515.7,83.7,36.9,33.21,92.19,21.52,21.58,4.49,0
54.0,100.4,43.9,22.2,1782.1,72.9,47.4,42.66,72.9,94.42,9.52,6.5,0
180.0,250.0,88.0,29.0,1200.0,79.0,130.0,117.0,89.64,29.36,149.0,4.33,1
1.4,15.8,69.5,35.2,1700.0,80.3,4.9,4.41,90.36,27.1,0.0,5.25,0
3.4,14.6,24.8,18.7,3677.4,86.0,5.8,5.22,72.07,98.44,0.0,12.14,0
10.3,19.6,52.8,29.8,1549.3,73.0,17.8,16.02,73.0,93.95,0.0,5.21,0
6.3,20.7,53.3,23.9,1437.5,69.7,3.0,2.7,69.7,110.42,0.0,5.36,0
10.2,16.2,39.3,20.6,1968.4,70.2,12.7,11.43,70.2,107.82,0.0,7.23,0
11.7,15.2,58.6,24.7,3311.5,74.2,17.0,15.3,74.2,88.32,0.0,10.06,0
2.8,10.0,64.7,33.1,1429.8,70.8,7.0,6.3,84.79,45.56,0.0,4.71,0
15.3,19.6,25.3,38.1,2835.8,83.5,5.5,4.95,68.0,119.53,0.0,7.55,0
2.0,6.3,68.1,35.6,3343.5,80.0,1.0,0.9,90.2,27.6,0.0,8.8,0
6.5,15.1,54.0,27.6,3275.9,72.7,19.7,17.73,72.7,95.38,0.0,9.56,0
12.6,20.7,34.0,39.8,1891.3,70.9,17.9,16.11,70.9,104.25,0.0,5.44,0
47.1,67.4,53.1,31.4,2744.1,72.2,52.7,47.43,72.2,97.8,6.05,7.93,0
12.0,21.2,77.6,20.1,1365.5,74.1,9.8,8.82,86.81,38.59,0.43,5.5,0
13.7,23.9,55.9,32.5,2256.3,71.6,15.7,14.13,71.6,100.75,0.0,6.73,0
190.0,230.0,68.0,32.0,3500.0,88.0,65.0,58.5,94.4,15.07,173.04,9.5,1
12.1,22.2,51.3,38.9,1127.5,70.3,16.4,14.76,70.3,107.31,0.0,3.68,0
193.4,274.0,86.8,31.5,2931.9,80.0,219.8,197.82,90.2,27.6,163.82,8.34,1
5.7,7.3,58.1,29.8,1669.8,73.3,6.2,5.58,73.3,92.52,0.0,5.52,0
11.4,23.3,69.8,23.2,1561.7,70.4,7.0,6.3,84.54,46.45,0.09,5.78,0
17.0,27.0,59.5,39.2,1655.4,77.1,8.2,7.38,77.1,75.44,0.05,4.94,0
10.3,12.6,46.5,24.3,1610.8,73.8,10.4,9.36,73.8,90.17,0.0,5.81,0
17.9,23.8,41.7,35.0,2185.5,77.8,19.6,17.64,77.8,72.48,0.15,6.39,0
48.2,88.8,84.7,29.8,1389.3,71.9,47.9,43.11,85.48,43.15,18.93,4.79,0
7.7,14.6,53.9,12.8,1977.3,69.0,12.6,11.34,69.0,114.12,0.0,8.71,0
44.5,82.2,89.2,32.7,1487.9,82.1,40.6,36.54,91.34,24.08,24.7,4.88,0
16.0,28.8,60.8,29.5,1869.9,75.1,18.5,16.65,87.4,36.62,1.66,6.05,0
12.2,22.1,40.5,34.4,2112.3,70.7,12.4,11.16,70.7,105.26,0.0,6.26,0
17.6,20.0,49.6,17.1,1972.9,72.6,17.6,15.84,72.6,95.86,0.0,7.78,0
8.0,19.0,62.1,29.8,2242.9,75.9,12.3,11.07,87.87,35.06,0.03,6.93,0
10.1,24.1,55.8,32.3,2040.7,77.0,5.8,5.22,77.0,75.87,0.0,6.25,0
4.2,7.8,79.1,36.5,1294.0,76.8,15.7,14.13,88.39,33.36,0.0,4.2,0
65.0,104.4,67.5,32.8,1264.1,73.4,37.0,33.3,86.39,40.02,33.48,4.3,0
4.9,16.2,63.1,33.1,3031.9,80.4,8.6,7.74,90.42,26.91,0.0,8.4,0
8.6,20.2,51.4,33.1,3369.0,70.4,2.2,1.98,70.4,106.8,0.0,9.11,0
11.9,22.7,55.5,30.1,2302.9,70.2,16.9,15.21,70.2,107.82,0.0,7.05,0
214.0,360.2,96.7,37.0,1265.7,75.0,217.4,195.66,87.34,36.82,175.38,4.1,1
0.8,15.6,51.0,27.8,2562.3,70.3,8.0,7.2,70.3,107.31,0.0,7.89,0
14.0,22.5,22.5,29.1,3435.7,82.7,1.1,0.99,66.75,126.52,0.0,9.71,0
7.5,8.1,79.1,41.2,3231.3,83.0,14.0,12.6,91.82,22.63,0.35,8.1,0
4.4,6.5,47.0,20.3,2099.9,74.6,12.3,11.07,74.6,86.48,0.0,7.64,0
68.9,121.3,71.1,16.6,1879.7,78.6,54.4,48.96,89.42,30.05,42.56,7.58,0
6.7,20.1,72.1,34.8,1416.7,85.6,18.3,16.47,93.18,18.59,0.41,4.58,0
17.1,29.4,40.9,33.5,3148.0,70.5,4.2,3.78,70.5,106.28,0.0,8.6,0
66.7,122.4,51.8,22.6,1675.1,74.6,60.3,54.27,74.6,86.48,17.96,6.16,0
7.9,14.4,44.7,37.9,2800.9,82.0,13.0,11.7,82.0,55.76,0.0,7.5,0
64.3,99.4,63.3,24.7,1705.2,68.8,58.5,52.65,83.53,50.08,28.24,6.03,0
54.8,88.8,75.4,26.6,2232.8,73.8,30.3,27.27,86.63,39.2,25.59,7.22,0
149.6,270.6,89.9,39.3,1409.3,82.5,247.9,223.11,91.56,23.41,124.76,4.36,1
10.4,19.1,43.4,21.6,1932.6,70.0,7.8,7.02,70.0,108.86,0.0,7.0,0
211.8,353.6,91.6,26.7,1224.0,81.8,115.2,103.68,91.18,24.57,184.92,4.54,1
13.8,28.2,43.1,15.5,1800.7,75.9,15.5,13.95,75.9,80.65,0.0,7.53,0
138.7,285.3,96.3,31.3,843.4,82.1,104.6,94.14,91.34,24.08,113.47,3.2,1
14.6,28.6,58.9,22.9,2593.1,73.7,3.8,3.42,73.7,90.64,0.0,8.58,0
17.6,26.4,63.5,34.4,1448.0,74.7,14.5,13.05,87.16,37.42,2.15,4.68,0
74.1,103.9,24.4,36.4,4013.2,88.8,34.2,30.78,76.91,76.26,25.63,10.04,0
3.7,5.2,39.1,32.7,815.7,77.4,12.0,10.8,77.4,74.17,0.0,3.07,0
11.1,14.4,36.4,35.5,2172.1,72.2,3.1,2.79,72.2,97.8,0.0,6.32,0
55.9,104.6,83.1,22.4,1406.3,83.8,35.0,31.5,92.25,21.34,36.53,5.4,0
3.1,12.5,20.5,21.0,4289.2,80.3,16.8,15.12,63.13,148.34,0.0,13.07,0
2.7,3.6,12.1,26.9,3742.9,84.0,18.0,16.2,68.8,115.19,0.0,10.69,0
13.6,17.0,55.3,27.2,2137.8,73.6,13.5,12.15,73.6,91.11,0.0,6.92,0
9.6,23.3,59.4,36.8,1911.9,76.1,5.1,4.59,76.1,79.77,0.0,5.65,0
148.0,295.9,87.2,35.8,1819.2,82.0,191.1,171.99,91.29,24.23,122.43,5.5,1
1.9,5.5,33.7,12.1,1582.9,74.5,9.0,8.1,74.5,86.94,0.0,7.5,0
11.4,19.6,41.1,24.0,1999.1,72.1,19.9,17.91,72.1,98.29,0.0,6.89,0
17.8,28.9,65.5,37.3,1932.3,79.1,6.7,6.03,89.7,29.17,3.48,5.67,0
1.1,8.3,52.0,34.8,3347.2,72.7,13.7,12.33,72.7,95.38,0.0,8.89,0
17.4,20.6,63.8,29.9,1982.3,76.5,1.0,0.9,88.22,33.92,2.53,6.29,0
53.7,91.9,67.5,33.8,1677.9,74.7,35.5,31.95,87.16,37.42,25.54,5.28,0
17.2,18.4,67.6,31.5,942.4,78.3,13.1,11.79,89.25,30.59,2.95,3.48,0
16.0,27.2,84.2,45.5,2539.7,80.5,7.7,6.93,90.47,26.76,3.03,6.48,0
9.5,24.0,26.3,22.8,3000.0,85.1,16.0,14.4,70.58,105.88,0.0,9.61,0
1.1,2.9,47.8,29.0,1958.4,77.0,8.1,7.29,77.0,75.87,0.0,6.31,0
75.0,150.0,90.0,22.5,1250.0,80.0,210.0,189.0,90.2,27.6,49.73,4.92,1
85.0,204.5,95.0,25.5,1044.0,82.0,340.0,306.0,91.29,24.23,61.55,4.08,1
0.0,0.0,40.0,45.0,3700.0,70.0,0.0,0.0,70.0,108.86,0.0,8.7,1
90.0,160.0,92.0,30.0,1400.0,81.0,250.0,225.0,90.75,25.89,64.99,4.81,1
45.2,110.5,92.0,15.4,5200.0,85.0,155.0,139.5,92.87,19.5,28.05,17.08,1
65.0,130.0,85.0,20.0,900.0,78.0,150.0,135.0,89.08,31.14,38.42,4.0,1
120.0,185.0,88.0,32.0,2438.0,78.0,210.0,189.0,89.08,31.14,89.32,7.19,1
35.0,55.0,60.0,18.0,3500.0,88.0,40.0,36.0,88.0,34.64,12.57,11.85,1
30.0,115.0,99.0,2.0,85.0,90.0,320.0,288.0,95.39,12.28,19.05,3.05,1
85.0,180.0,96.0,12.0,150.0,86.0,280.0,252.0,93.39,17.98,66.68,1.53,1
50.0,140.0,94.0,5.0,786.0,83.0,190.0,171.0,91.82,22.63,30.36,6.15,1
60.0,155.0,97.0,3.0,15.0,85.0,210.0,189.0,92.87,19.5,41.63,2.61,1
45.0,110.0,92.0,22.0,1325.0,80.0,175.0,157.5,90.2,27.6,23.24,5.19,1
65.0,145.0,95.0,35.0,1132.0,75.0,220.0,198.0,87.34,36.82,35.17,3.85,1
95.0,270.0,98.0,28.0,1495.0,80.0,410.0,369.0,90.2,27.6,68.39,5.19,1
70.0,190.0,95.0,25.0,320.0,79.0,260.0,234.0,89.64,29.36,43.99,1.66,1
